Time,gen
1/1/2018 0:00,23.36267645
1/2/2018 0:00,18.81254845
1/3/2018 0:00,29.05780345
1/4/2018 0:00,22.02012945
1/5/2018 0:00,29.63194145
1/6/2018 0:00,20.88741245
1/7/2018 0:00,31.51145445
1/8/2018 0:00,17.77232245
1/9/2018 0:00,17.78900545
1/10/2018 0:00,34.37428545
1/11/2018 0:00,27.47046545
1/12/2018 0:00,22.15074245
1/13/2018 0:00,21.87812145
1/14/2018 0:00,19.61430445
1/15/2018 0:00,21.69874845
1/16/2018 0:00,30.39316745
1/17/2018 0:00,33.17496845
1/18/2018 0:00,36.94251845
1/19/2018 0:00,36.00237045
1/20/2018 0:00,21.06523645
1/21/2018 0:00,17.80679945
1/22/2018 0:00,26.54719045
1/23/2018 0:00,23.48083845
1/24/2018 0:00,19.63966645
1/25/2018 0:00,37.35336045
1/26/2018 0:00,36.95292245
1/27/2018 0:00,18.08261145
1/28/2018 0:00,21.87096645
1/29/2018 0:00,25.30679745
1/30/2018 0:00,43.55558945
1/31/2018 0:00,28.35875245
2/1/2018 0:00,39.02766645
2/2/2018 0:00,36.99154445
2/3/2018 0:00,23.95455045
2/4/2018 0:00,38.18451545
2/5/2018 0:00,45.55831945
2/6/2018 0:00,41.84825745
2/7/2018 0:00,50.43171145
2/8/2018 0:00,27.87668445
2/9/2018 0:00,42.86438345
2/10/2018 0:00,28.32379845
2/11/2018 0:00,48.41506145
2/12/2018 0:00,52.16229245
2/13/2018 0:00,31.16737245
2/14/2018 0:00,23.19905645
2/15/2018 0:00,41.25345945
2/16/2018 0:00,53.79626945
2/17/2018 0:00,41.06558545
2/18/2018 0:00,28.41251545
2/19/2018 0:00,34.83674945
2/20/2018 0:00,47.10822245
2/21/2018 0:00,56.03392945
2/22/2018 0:00,45.22680545
2/23/2018 0:00,63.06965245
2/24/2018 0:00,61.93183845
2/25/2018 0:00,64.59931245
2/26/2018 0:00,55.17828145
2/27/2018 0:00,52.33504045
2/28/2018 0:00,67.32281545
3/1/2018 0:00,24.86022445
3/2/2018 0:00,20.30907545
3/3/2018 0:00,41.91250345
3/4/2018 0:00,54.22957345
3/5/2018 0:00,51.40792845
3/6/2018 0:00,45.39948445
3/7/2018 0:00,69.26627545
3/8/2018 0:00,63.44752245
3/9/2018 0:00,45.55332011
3/10/2018 0:00,73.21032077
3/11/2018 0:00,84.83654277
3/12/2018 0:00,73.56647477
3/13/2018 0:00,107.1788628
3/14/2018 0:00,79.98653477
3/15/2018 0:00,102.1340368
3/16/2018 0:00,110.4869278
3/17/2018 0:00,65.46553477
3/18/2018 0:00,52.02887277
3/19/2018 0:00,88.28445577
3/20/2018 0:00,99.53244577
3/21/2018 0:00,126.0752508
3/22/2018 0:00,84.76071777
3/23/2018 0:00,96.45455977
3/24/2018 0:00,71.96829377
3/25/2018 0:00,109.5835198
3/26/2018 0:00,127.9060328
3/27/2018 0:00,86.36015477
3/28/2018 0:00,91.07068077
3/29/2018 0:00,83.49872177
3/30/2018 0:00,72.37513277
3/31/2018 0:00,64.88087377
4/1/2018 0:00,108.3001938
4/2/2018 0:00,100.3544088
4/3/2018 0:00,120.5400298
4/4/2018 0:00,92.32810277
4/5/2018 0:00,147.0088518
4/6/2018 0:00,126.5974908
4/7/2018 0:00,80.64225477
4/8/2018 0:00,73.06643677
4/9/2018 0:00,67.44616177
4/10/2018 0:00,76.27675177
4/11/2018 0:00,64.54297677
4/12/2018 0:00,67.23260577
4/13/2018 0:00,82.33750477
4/14/2018 0:00,122.9959738
4/15/2018 0:00,82.67873677
4/16/2018 0:00,126.1085708
4/17/2018 0:00,87.45929777
4/18/2018 0:00,147.5916508
4/19/2018 0:00,146.0879368
4/20/2018 0:00,116.5640898
4/21/2018 0:00,110.4008988
4/22/2018 0:00,133.0211218
4/23/2018 0:00,121.6389658
4/24/2018 0:00,78.14841777
4/25/2018 0:00,131.1540818
4/26/2018 0:00,153.6453558
4/27/2018 0:00,74.58054277
4/28/2018 0:00,89.35820577
4/29/2018 0:00,84.01521077
4/30/2018 0:00,121.6928068
5/1/2018 0:00,144.9956978
5/2/2018 0:00,124.8595068
5/3/2018 0:00,157.8132868
5/4/2018 0:00,95.34533077
5/5/2018 0:00,156.8586018
5/6/2018 0:00,163.5427328
5/7/2018 0:00,159.6206228
5/8/2018 0:00,125.4029948
5/9/2018 0:00,135.2989118
5/10/2018 0:00,166.4726258
5/11/2018 0:00,105.3195398
5/12/2018 0:00,130.9112848
5/13/2018 0:00,163.5095408
5/14/2018 0:00,174.4139478
5/15/2018 0:00,170.9032528
5/16/2018 0:00,109.2203968
5/17/2018 0:00,179.6702528
5/18/2018 0:00,169.2771558
5/19/2018 0:00,164.3608788
5/20/2018 0:00,173.4988338
5/21/2018 0:00,171.0965608
5/22/2018 0:00,167.5675438
5/23/2018 0:00,162.3338238
5/24/2018 0:00,76.83579277
5/25/2018 0:00,77.90003077
5/26/2018 0:00,104.2977898
5/27/2018 0:00,100.4128398
5/28/2018 0:00,106.4335988
5/29/2018 0:00,92.89937177
5/30/2018 0:00,68.08944677
5/31/2018 0:00,126.3090318
6/1/2018 0:00,127.1301198
6/2/2018 0:00,152.4129158
6/3/2018 0:00,172.9672928
6/4/2018 0:00,120.6040148
6/5/2018 0:00,98.09626477
6/6/2018 0:00,171.6955518
6/7/2018 0:00,102.2256448
6/8/2018 0:00,97.25979547
6/9/2018 0:00,183.7020157
6/10/2018 0:00,142.9982787
6/11/2018 0:00,189.7896727
6/12/2018 0:00,141.6252747
6/13/2018 0:00,141.7841197
6/14/2018 0:00,139.3828767
6/15/2018 0:00,172.8862807
6/16/2018 0:00,118.5390697
6/17/2018 0:00,100.7280147
6/18/2018 0:00,153.6084637
6/19/2018 0:00,140.2992027
6/20/2018 0:00,119.8319047
6/21/2018 0:00,189.4598867
6/22/2018 0:00,195.8884207
6/23/2018 0:00,196.5666397
6/24/2018 0:00,191.2205227
6/25/2018 0:00,190.4520617
6/26/2018 0:00,191.4386177
6/27/2018 0:00,194.9721867
6/28/2018 0:00,172.0495337
6/29/2018 0:00,192.4705847
6/30/2018 0:00,159.1702667
7/1/2018 0:00,155.7782057
7/2/2018 0:00,185.3633137
7/3/2018 0:00,178.5833507
7/4/2018 0:00,129.5125287
7/5/2018 0:00,155.1117087
7/6/2018 0:00,183.5338927
7/7/2018 0:00,184.5071437
7/8/2018 0:00,185.0167267
7/9/2018 0:00,177.8402567
7/10/2018 0:00,185.0375197
7/11/2018 0:00,186.2058527
7/12/2018 0:00,128.5254107
7/13/2018 0:00,137.5799387
7/14/2018 0:00,63.44791667
7/15/2018 0:00,63.44791667
7/16/2018 0:00,63.44791667
7/17/2018 0:00,164.5563057
7/18/2018 0:00,151.6666817
7/19/2018 0:00,164.4516097
7/20/2018 0:00,173.7548267
7/21/2018 0:00,165.6702957
7/22/2018 0:00,161.4266847
7/23/2018 0:00,135.8555617
7/24/2018 0:00,152.0000177
7/25/2018 0:00,175.9801087
7/26/2018 0:00,149.2519527
7/27/2018 0:00,179.5317777
7/28/2018 0:00,148.6406927
7/29/2018 0:00,98.88993667
7/30/2018 0:00,118.5004457
7/31/2018 0:00,168.7750417
8/1/2018 0:00,134.8983737
8/2/2018 0:00,124.9546727
8/3/2018 0:00,143.0480157
8/4/2018 0:00,161.5279317
8/5/2018 0:00,159.2586007
8/6/2018 0:00,151.0906137
8/7/2018 0:00,147.0399147
8/8/2018 0:00,117.2608697
8/9/2018 0:00,135.9140557
8/10/2018 0:00,124.3277857
8/11/2018 0:00,108.2220767
8/12/2018 0:00,98.37441567
8/13/2018 0:00,145.8421397
8/14/2018 0:00,120.2523697
8/15/2018 0:00,107.6024987
8/16/2018 0:00,124.2665147
8/17/2018 0:00,150.9412027
8/18/2018 0:00,102.6151597
8/19/2018 0:00,115.2698827
8/20/2018 0:00,113.7626297
8/21/2018 0:00,98.23206567
8/22/2018 0:00,112.5214527
8/23/2018 0:00,146.0726297
8/24/2018 0:00,146.8718237
8/25/2018 0:00,156.4323497
8/26/2018 0:00,80.72560367
8/27/2018 0:00,110.5994667
8/28/2018 0:00,102.4956307
8/29/2018 0:00,134.0337527
8/30/2018 0:00,148.7750847
8/31/2018 0:00,141.2272467
9/1/2018 0:00,116.8529377
9/2/2018 0:00,109.0743157
9/3/2018 0:00,131.3502897
9/4/2018 0:00,91.10799267
9/5/2018 0:00,137.0992677
9/6/2018 0:00,113.6859267
9/7/2018 0:00,137.0489017
9/8/2018 0:00,105.4164517
9/9/2018 0:00,134.3167287
9/10/2018 0:00,110.6742057
9/11/2018 0:00,80.41063067
9/12/2018 0:00,86.57630235
9/13/2018 0:00,97.85371988
9/14/2018 0:00,60.48174988
9/15/2018 0:00,88.73410188
9/16/2018 0:00,62.40493388
9/17/2018 0:00,47.83460488
9/18/2018 0:00,49.53299388
9/19/2018 0:00,83.38987488
9/20/2018 0:00,39.63805688
9/21/2018 0:00,79.62226288
9/22/2018 0:00,38.22415288
9/23/2018 0:00,59.58494188
9/24/2018 0:00,82.46708588
9/25/2018 0:00,86.23507488
9/26/2018 0:00,85.38404988
9/27/2018 0:00,83.19252288
9/28/2018 0:00,70.65450888
9/29/2018 0:00,82.06310488
9/30/2018 0:00,58.37478588
10/1/2018 0:00,78.36173188
10/2/2018 0:00,51.99372488
10/3/2018 0:00,75.32909888
10/4/2018 0:00,56.25951588
10/5/2018 0:00,67.08232788
10/6/2018 0:00,35.84183788
10/7/2018 0:00,70.41310788
10/8/2018 0:00,51.30298788
10/9/2018 0:00,71.34956388
10/10/2018 0:00,68.38384388
10/11/2018 0:00,36.85556888
10/12/2018 0:00,28.62904288
10/13/2018 0:00,39.30569588
10/14/2018 0:00,36.77666388
10/15/2018 0:00,29.52062388
10/16/2018 0:00,39.16146188
10/17/2018 0:00,43.06454388
10/18/2018 0:00,61.06968188
10/19/2018 0:00,61.88898488
10/20/2018 0:00,55.33182588
10/21/2018 0:00,60.07553688
10/22/2018 0:00,62.37528288
10/23/2018 0:00,49.85756488
10/24/2018 0:00,59.13988888
10/25/2018 0:00,51.11436688
10/26/2018 0:00,50.11507788
10/27/2018 0:00,47.96834188
10/28/2018 0:00,57.0385345
10/29/2018 0:00,41.65457988
10/30/2018 0:00,43.19735288
10/31/2018 0:00,53.38506788
11/1/2018 0:00,49.76914788
11/2/2018 0:00,52.99923188
11/3/2018 0:00,35.40400688
11/4/2018 0:00,27.04023388
11/5/2018 0:00,36.37717088
11/6/2018 0:00,35.41548088
11/7/2018 0:00,30.50333288
11/8/2018 0:00,41.08502288
11/9/2018 0:00,34.61026588
11/10/2018 0:00,37.66010388
11/11/2018 0:00,47.16445088
11/12/2018 0:00,38.52736488
11/13/2018 0:00,45.35235788
11/14/2018 0:00,30.29347988
11/15/2018 0:00,38.70359288
11/16/2018 0:00,31.86493988
11/17/2018 0:00,38.52088488
11/18/2018 0:00,43.94597888
11/19/2018 0:00,35.44402888
11/20/2018 0:00,30.47175488
11/21/2018 0:00,30.34157888
11/22/2018 0:00,42.99105488
11/23/2018 0:00,27.19935088
11/24/2018 0:00,25.03145088
11/25/2018 0:00,32.14643188
11/26/2018 0:00,37.42209088
11/27/2018 0:00,24.42309488
11/28/2018 0:00,26.40122988
11/29/2018 0:00,30.64704388
11/30/2018 0:00,36.62470088
12/1/2018 0:00,28.78544288
12/2/2018 0:00,26.73778588
12/3/2018 0:00,30.33047688
12/4/2018 0:00,34.44302688
12/5/2018 0:00,24.68654688
12/6/2018 0:00,27.12516988
12/7/2018 0:00,25.20900344
12/8/2018 0:00,12.307959
12/9/2018 0:00,14.257735
12/10/2018 0:00,19.609215
12/11/2018 0:00,13.465719
12/12/2018 0:00,17.927038
12/13/2018 0:00,18.229628
12/14/2018 0:00,18.80075
12/15/2018 0:00,7.380032
12/16/2018 0:00,13.375424
12/17/2018 0:00,20.354874
12/18/2018 0:00,7.771131
12/19/2018 0:00,19.198671
12/20/2018 0:00,16.735733
12/21/2018 0:00,14.353076
12/22/2018 0:00,14.920731
12/23/2018 0:00,11.666581
12/24/2018 0:00,12.374033
12/25/2018 0:00,12.310025
12/26/2018 0:00,16.08409
12/27/2018 0:00,17.1186
12/28/2018 0:00,14.79846
12/29/2018 0:00,10.697564
12/30/2018 0:00,13.015312
12/31/2018 0:00,15.47441144
1/1/2019 0:00,25.66827489
1/2/2019 0:00,30.69669589
1/3/2019 0:00,23.69421589
1/4/2019 0:00,27.92272889
1/5/2019 0:00,20.82780789
1/6/2019 0:00,21.17467689
1/7/2019 0:00,19.44064589
1/8/2019 0:00,29.84505389
1/9/2019 0:00,35.17571489
1/10/2019 0:00,27.39164689
1/11/2019 0:00,32.44572589
1/12/2019 0:00,25.48730889
1/13/2019 0:00,22.58441189
1/14/2019 0:00,27.40018989
1/15/2019 0:00,24.97716089
1/16/2019 0:00,28.29787989
1/17/2019 0:00,36.92251989
1/18/2019 0:00,25.79195489
1/19/2019 0:00,26.93772689
1/20/2019 0:00,30.58403189
1/21/2019 0:00,32.71538889
1/22/2019 0:00,30.15424889
1/23/2019 0:00,39.20341489
1/24/2019 0:00,27.47108289
1/25/2019 0:00,31.47456989
1/26/2019 0:00,27.40967389
1/27/2019 0:00,37.00806589
1/28/2019 0:00,42.31861089
1/29/2019 0:00,27.00091589
1/30/2019 0:00,44.93209989
1/31/2019 0:00,28.51480689
2/1/2019 0:00,17.45306889
2/2/2019 0:00,33.39859789
2/3/2019 0:00,45.03072989
2/4/2019 0:00,29.25531289
2/5/2019 0:00,25.02795989
2/6/2019 0:00,46.94718289
2/7/2019 0:00,39.74169889
2/8/2019 0:00,22.74132389
2/9/2019 0:00,42.34734989
2/10/2019 0:00,33.34614089
2/11/2019 0:00,40.82494589
2/12/2019 0:00,38.81722489
2/13/2019 0:00,41.01827889
2/14/2019 0:00,37.35842889
2/15/2019 0:00,53.12419389
2/16/2019 0:00,27.11699289
2/17/2019 0:00,36.60493889
2/18/2019 0:00,36.47773289
2/19/2019 0:00,53.54420089
2/20/2019 0:00,40.67650289
2/21/2019 0:00,53.34155989
2/22/2019 0:00,43.17804289
2/23/2019 0:00,58.53229989
2/24/2019 0:00,60.79186489
2/25/2019 0:00,61.13041089
2/26/2019 0:00,61.86160489
2/27/2019 0:00,62.14414789
2/28/2019 0:00,36.17951689
3/1/2019 0:00,37.96555689
3/2/2019 0:00,45.05115589
3/3/2019 0:00,28.08253889
3/4/2019 0:00,45.82087189
3/5/2019 0:00,66.75911389
3/6/2019 0:00,42.70579189
3/7/2019 0:00,70.73360189
3/8/2019 0:00,46.14747289
3/9/2019 0:00,63.40318389
3/10/2019 0:00,67.61659589
3/11/2019 0:00,78.86612689
3/12/2019 0:00,31.41087989
3/13/2019 0:00,69.99925258
3/14/2019 0:00,92.90154328
3/15/2019 0:00,68.69780028
3/16/2019 0:00,77.97711528
3/17/2019 0:00,115.1135643
3/18/2019 0:00,93.57592528
3/19/2019 0:00,82.16085028
3/20/2019 0:00,79.51589028
3/21/2019 0:00,80.93876528
3/22/2019 0:00,72.77657128
3/23/2019 0:00,105.7262203
3/24/2019 0:00,125.3705053
3/25/2019 0:00,126.8007753
3/26/2019 0:00,124.1368103
3/27/2019 0:00,124.6312883
3/28/2019 0:00,126.2544433
3/29/2019 0:00,122.1420483
3/30/2019 0:00,105.9321543
3/31/2019 0:00,74.6180541
4/1/2019 0:00,130.5473553
4/2/2019 0:00,97.46813828
4/3/2019 0:00,112.7300533
4/4/2019 0:00,95.42582328
4/5/2019 0:00,86.69453428
4/6/2019 0:00,114.8348123
4/7/2019 0:00,118.1218463
4/8/2019 0:00,79.64960428
4/9/2019 0:00,64.99920928
4/10/2019 0:00,106.7529983
4/11/2019 0:00,145.3390853
4/12/2019 0:00,139.6364623
4/13/2019 0:00,154.1772453
4/14/2019 0:00,122.0023783
4/15/2019 0:00,136.7392963
4/16/2019 0:00,85.38783928
4/17/2019 0:00,128.6549723
4/18/2019 0:00,131.3094133
4/19/2019 0:00,138.3029323
4/20/2019 0:00,146.5080953
4/21/2019 0:00,147.5284063
4/22/2019 0:00,141.4001953
4/23/2019 0:00,119.7623123
4/24/2019 0:00,91.01517928
4/25/2019 0:00,124.3906503
4/26/2019 0:00,100.8812373
4/27/2019 0:00,130.7149913
4/28/2019 0:00,115.3417993
4/29/2019 0:00,137.8655383
4/30/2019 0:00,155.3734943
5/1/2019 0:00,119.8422723
5/2/2019 0:00,120.1759063
5/3/2019 0:00,115.9987973
5/4/2019 0:00,156.2187023
5/5/2019 0:00,152.0599343
5/6/2019 0:00,133.4053073
5/7/2019 0:00,136.8823333
5/8/2019 0:00,103.6611993
5/9/2019 0:00,92.55970828
5/10/2019 0:00,158.6448643
5/11/2019 0:00,139.4164393
5/12/2019 0:00,168.0714143
5/13/2019 0:00,171.9742933
5/14/2019 0:00,166.1406193
5/15/2019 0:00,176.7845813
5/16/2019 0:00,158.6016273
5/17/2019 0:00,79.40405428
5/18/2019 0:00,111.1584803
5/19/2019 0:00,124.7267493
5/20/2019 0:00,158.4753443
5/21/2019 0:00,171.9813713
5/22/2019 0:00,164.8235533
5/23/2019 0:00,162.5641823
5/24/2019 0:00,167.2466463
5/25/2019 0:00,160.5506153
5/26/2019 0:00,92.64999028
5/27/2019 0:00,136.8654233
5/28/2019 0:00,129.2272923
5/29/2019 0:00,79.67271828
5/30/2019 0:00,140.4335663
5/31/2019 0:00,105.3449813
6/1/2019 0:00,161.6483493
6/2/2019 0:00,93.82918528
6/3/2019 0:00,150.2495153
6/4/2019 0:00,105.0327403
6/5/2019 0:00,164.3316303
6/6/2019 0:00,148.8562693
6/7/2019 0:00,88.37848528
6/8/2019 0:00,153.20981
6/9/2019 0:00,136.038911
6/10/2019 0:00,135.846117
6/11/2019 0:00,75.42368001
6/12/2019 0:00,103.368152
6/13/2019 0:00,103.898275
6/14/2019 0:00,97.51213901
6/15/2019 0:00,100.622194
6/16/2019 0:00,129.902721
6/17/2019 0:00,124.041454
6/18/2019 0:00,107.574963
6/19/2019 0:00,101.516664
6/20/2019 0:00,151.623906
6/21/2019 0:00,164.167409
6/22/2019 0:00,183.499178
6/23/2019 0:00,110.30488
6/24/2019 0:00,143.03121
6/25/2019 0:00,91.50571201
6/26/2019 0:00,95.32335501
6/27/2019 0:00,180.104521
6/28/2019 0:00,174.699471
6/29/2019 0:00,167.880269
6/30/2019 0:00,140.252668
7/1/2019 0:00,133.686472
7/2/2019 0:00,169.018951
7/3/2019 0:00,163.935054
7/4/2019 0:00,180.745573
7/5/2019 0:00,161.696354
7/6/2019 0:00,158.962595
7/7/2019 0:00,168.964497
7/8/2019 0:00,147.472749
7/9/2019 0:00,140.434501
7/10/2019 0:00,163.367977
7/11/2019 0:00,121.062081
7/12/2019 0:00,162.329132
7/13/2019 0:00,105.444916
7/14/2019 0:00,142.730128
7/15/2019 0:00,173.8371
7/16/2019 0:00,164.901573
7/17/2019 0:00,147.902052
7/18/2019 0:00,137.026236
7/19/2019 0:00,80.30004501
7/20/2019 0:00,144.574949
7/21/2019 0:00,131.205158
7/22/2019 0:00,110.300324
7/23/2019 0:00,164.857068
7/24/2019 0:00,170.984348
7/25/2019 0:00,158.715963
7/26/2019 0:00,133.916332
7/27/2019 0:00,127.992455
7/28/2019 0:00,160.755883
7/29/2019 0:00,165.818367
7/30/2019 0:00,119.576332
7/31/2019 0:00,146.275982
8/1/2019 0:00,133.249245
8/2/2019 0:00,137.107473
8/3/2019 0:00,117.07409
8/4/2019 0:00,109.835568
8/5/2019 0:00,143.586676
8/6/2019 0:00,107.33295
8/7/2019 0:00,135.33283
8/8/2019 0:00,144.570806
8/9/2019 0:00,119.819692
8/10/2019 0:00,101.026335
8/11/2019 0:00,125.086398
8/12/2019 0:00,129.943895
8/13/2019 0:00,148.923587
8/14/2019 0:00,76.79572401
8/15/2019 0:00,153.136714
8/16/2019 0:00,80.86537801
8/17/2019 0:00,144.046281
8/18/2019 0:00,138.936937
8/19/2019 0:00,121.973989
8/20/2019 0:00,153.38461
8/21/2019 0:00,144.092519
8/22/2019 0:00,115.551271
8/23/2019 0:00,133.948161
8/24/2019 0:00,141.700776
8/25/2019 0:00,140.36158
8/26/2019 0:00,120.098958
8/27/2019 0:00,110.933222
8/28/2019 0:00,109.315915
8/29/2019 0:00,129.589096
8/30/2019 0:00,129.681278
8/31/2019 0:00,111.523252
9/1/2019 0:00,139.803937
9/2/2019 0:00,134.50752
9/3/2019 0:00,94.42669701
9/4/2019 0:00,138.653321
9/5/2019 0:00,111.370611
9/6/2019 0:00,74.00918583
9/7/2019 0:00,69.90610733
9/8/2019 0:00,90.62729533
9/9/2019 0:00,20.95833333
9/10/2019 0:00,20.95833333
9/11/2019 0:00,20.95833333
9/12/2019 0:00,20.95833333
9/13/2019 0:00,20.95833333
9/14/2019 0:00,20.95833333
9/15/2019 0:00,20.95833333
9/16/2019 0:00,20.95833333
9/17/2019 0:00,20.95833333
9/18/2019 0:00,86.25408533
9/19/2019 0:00,84.76512633
9/20/2019 0:00,85.37983033
9/21/2019 0:00,82.01243933
9/22/2019 0:00,51.05936933
9/23/2019 0:00,63.18833033
9/24/2019 0:00,51.92801833
9/25/2019 0:00,71.83812033
9/26/2019 0:00,69.86250633
9/27/2019 0:00,57.72497633
9/28/2019 0:00,53.01741233
9/29/2019 0:00,52.57141133
9/30/2019 0:00,39.29115233
10/1/2019 0:00,50.03069233
10/2/2019 0:00,76.85864633
10/3/2019 0:00,44.19424233
10/4/2019 0:00,39.83126333
10/5/2019 0:00,52.64111733
10/6/2019 0:00,76.23698033
10/7/2019 0:00,30.99315733
10/8/2019 0:00,52.21686933
10/9/2019 0:00,53.99408033
10/10/2019 0:00,46.49231933
10/11/2019 0:00,35.00717333
10/12/2019 0:00,43.39771533
10/13/2019 0:00,37.23732233
10/14/2019 0:00,32.10502533
10/15/2019 0:00,46.10397333
10/16/2019 0:00,20.95833333
10/17/2019 0:00,20.95833333
10/18/2019 0:00,20.95833333
10/19/2019 0:00,57.11670633
10/20/2019 0:00,42.89857933
10/21/2019 0:00,39.60183333
10/22/2019 0:00,57.09148333
10/23/2019 0:00,43.59308333
10/24/2019 0:00,36.71090833
10/25/2019 0:00,29.59572233
10/26/2019 0:00,23.91219833
10/27/2019 0:00,56.30664622
10/28/2019 0:00,48.01828433
10/29/2019 0:00,38.85731233
10/30/2019 0:00,39.87300633
10/31/2019 0:00,28.45791633
11/1/2019 0:00,36.37382333
11/2/2019 0:00,38.00532833
11/3/2019 0:00,36.61066333
11/4/2019 0:00,42.93586933
11/5/2019 0:00,31.96712233
11/6/2019 0:00,32.64094033
11/7/2019 0:00,40.97686333
11/8/2019 0:00,43.51651333
11/9/2019 0:00,25.89688433
11/10/2019 0:00,36.35180133
11/11/2019 0:00,43.78797733
11/12/2019 0:00,41.13151133
11/13/2019 0:00,36.19443733
11/14/2019 0:00,24.19980733
11/15/2019 0:00,27.13471733
11/16/2019 0:00,39.67910233
11/17/2019 0:00,30.11541833
11/18/2019 0:00,41.81010033
11/19/2019 0:00,37.81788333
11/20/2019 0:00,34.32458133
11/21/2019 0:00,24.95507133
11/22/2019 0:00,24.32028133
11/23/2019 0:00,24.99953733
11/24/2019 0:00,27.02033833
11/25/2019 0:00,28.26846733
11/26/2019 0:00,28.95383633
11/27/2019 0:00,30.56349133
11/28/2019 0:00,37.22599233
11/29/2019 0:00,37.67182133
11/30/2019 0:00,20.95833333
12/1/2019 0:00,30.65908433
12/2/2019 0:00,36.06702233
12/3/2019 0:00,20.95833333
12/4/2019 0:00,38.57212633
12/5/2019 0:00,34.71285233
12/6/2019 0:00,29.18907733
12/7/2019 0:00,32.08325733
12/8/2019 0:00,32.82663433
12/9/2019 0:00,34.91273833
12/10/2019 0:00,22.72297733
12/11/2019 0:00,29.05613267
12/12/2019 0:00,16.707819
12/13/2019 0:00,23.992485
12/14/2019 0:00,25.735827
12/15/2019 0:00,25.885197
12/16/2019 0:00,23.373778
12/17/2019 0:00,16.885401
12/18/2019 0:00,17.864642
12/19/2019 0:00,16.550254
12/20/2019 0:00,13
12/21/2019 0:00,13
12/22/2019 0:00,13
12/23/2019 0:00,13
12/24/2019 0:00,23.042615
12/25/2019 0:00,26.922956
12/26/2019 0:00,16.887196
12/27/2019 0:00,17.853971
12/28/2019 0:00,23.597939
12/29/2019 0:00,20.74778
12/30/2019 0:00,22.582678
12/31/2019 0:00,15.830915
1/1/2020 0:00,16.001661
1/2/2020 0:00,16.518294
1/3/2020 0:00,24.639388
1/4/2020 0:00,19.387752
1/5/2020 0:00,21.959523
1/6/2020 0:00,16.594721
1/7/2020 0:00,17.899463
1/8/2020 0:00,25.315611
1/9/2020 0:00,21.653342
1/10/2020 0:00,21.870543
1/11/2020 0:00,18.539892
1/12/2020 0:00,26.558777
1/13/2020 0:00,18.409773
1/14/2020 0:00,16.356769
1/15/2020 0:00,24.640138
1/16/2020 0:00,17.348585
1/17/2020 0:00,24.117705
1/18/2020 0:00,34.186269
1/19/2020 0:00,31.806397
1/20/2020 0:00,31.918529
1/21/2020 0:00,30.285325
1/22/2020 0:00,18.614503
1/23/2020 0:00,16.620688
1/24/2020 0:00,20.46376
1/25/2020 0:00,16.242869
1/26/2020 0:00,18.612093
1/27/2020 0:00,22.956274
1/28/2020 0:00,26.054136
1/29/2020 0:00,37.575672
1/30/2020 0:00,21.926077
1/31/2020 0:00,20.990707
2/1/2020 0:00,40.570091
2/2/2020 0:00,26.397845
2/3/2020 0:00,28.264346
2/4/2020 0:00,36.905542
2/5/2020 0:00,40.987869
2/6/2020 0:00,42.007791
2/7/2020 0:00,31.286883
2/8/2020 0:00,41.565935
2/9/2020 0:00,18.856898
2/10/2020 0:00,29.614243
2/11/2020 0:00,43.717775
2/12/2020 0:00,48.368388
2/13/2020 0:00,34.360097
2/14/2020 0:00,34.2092
2/15/2020 0:00,16.590516
2/16/2020 0:00,20.656293
2/17/2020 0:00,42.920701
2/18/2020 0:00,41.55229
2/19/2020 0:00,27.333912
2/20/2020 0:00,26.10217
2/21/2020 0:00,27.565666
2/22/2020 0:00,42.837803
2/23/2020 0:00,37.272405
2/24/2020 0:00,23.489625
2/25/2020 0:00,38.742341
2/26/2020 0:00,42.014436
2/27/2020 0:00,52.854
2/28/2020 0:00,18.433041
2/29/2020 0:00,46.078423
3/1/2020 0:00,60.193171
3/2/2020 0:00,67.620437
3/3/2020 0:00,61.259281
3/4/2020 0:00,31.626195
3/5/2020 0:00,27.223412
3/6/2020 0:00,57.401574
3/7/2020 0:00,34.896906
3/8/2020 0:00,62.136331
3/9/2020 0:00,49.129533
3/10/2020 0:00,38.851554
3/11/2020 0:00,78.27733898
3/12/2020 0:00,113.694858
3/13/2020 0:00,110.693609
3/14/2020 0:00,111.094688
3/15/2020 0:00,86.03714896
3/16/2020 0:00,133.978882
3/17/2020 0:00,84.84916596
3/18/2020 0:00,86.24246196
3/19/2020 0:00,78.24003896
3/20/2020 0:00,113.969019
3/21/2020 0:00,135.985741
3/22/2020 0:00,133.042903
3/23/2020 0:00,137.148433
3/24/2020 0:00,136.859753
3/25/2020 0:00,140.984306
3/26/2020 0:00,142.699596
3/27/2020 0:00,141.29699
3/28/2020 0:00,126.604057
3/29/2020 0:00,119.6653991
3/30/2020 0:00,124.931807
3/31/2020 0:00,130.312684
4/1/2020 0:00,105.808175
4/2/2020 0:00,128.354468
4/3/2020 0:00,129.667376
4/4/2020 0:00,132.694992
4/5/2020 0:00,139.169282
4/6/2020 0:00,142.203542
4/7/2020 0:00,156.055886
4/8/2020 0:00,121.622145
4/9/2020 0:00,150.388363
4/10/2020 0:00,150.38941
4/11/2020 0:00,150.85295
4/12/2020 0:00,150.654998
4/13/2020 0:00,133.750571
4/14/2020 0:00,160.444616
4/15/2020 0:00,157.64712
4/16/2020 0:00,139.77496
4/17/2020 0:00,89.78617296
4/18/2020 0:00,89.96614696
4/19/2020 0:00,155.983743
4/20/2020 0:00,164.034816
4/21/2020 0:00,164.920477
4/22/2020 0:00,164.575572
4/23/2020 0:00,161.633501
4/24/2020 0:00,164.794543
4/25/2020 0:00,163.853297
4/26/2020 0:00,166.644875
4/27/2020 0:00,140.186588
4/28/2020 0:00,81.63333696
4/29/2020 0:00,121.987804
4/30/2020 0:00,108.798736
5/1/2020 0:00,149.796683
5/2/2020 0:00,171.568005
5/3/2020 0:00,99.88001596
5/4/2020 0:00,162.386109
5/5/2020 0:00,137.358309
5/6/2020 0:00,177.919808
5/7/2020 0:00,168.795706
5/8/2020 0:00,163.068525
5/9/2020 0:00,176.198909
5/10/2020 0:00,120.346082
5/11/2020 0:00,179.064253
5/12/2020 0:00,182.822232
5/13/2020 0:00,152.297638
5/14/2020 0:00,182.481308
5/15/2020 0:00,168.00878
5/16/2020 0:00,154.708326
5/17/2020 0:00,158.904641
5/18/2020 0:00,173.02777
5/19/2020 0:00,146.600319
5/20/2020 0:00,171.311462
5/21/2020 0:00,184.309342
5/22/2020 0:00,147.888787
5/23/2020 0:00,170.063893
5/24/2020 0:00,179.935284
5/25/2020 0:00,188.730353
5/26/2020 0:00,181.370326
5/27/2020 0:00,181.09931
5/28/2020 0:00,182.003736
5/29/2020 0:00,181.943858
5/30/2020 0:00,189.315975
5/31/2020 0:00,185.996462
6/1/2020 0:00,191.711704
6/2/2020 0:00,186.158752
6/3/2020 0:00,90.65347396
6/4/2020 0:00,64.95604396
6/5/2020 0:00,64.95604396
6/6/2020 0:00,127.455177
6/7/2020 0:00,179.919906
6/8/2020 0:00,186.634892
6/9/2020 0:00,195.332554
6/10/2020 0:00,107.3276965
6/11/2020 0:00,99.9621109
6/12/2020 0:00,118.2672449
6/13/2020 0:00,151.5826369
6/14/2020 0:00,121.1225389
6/15/2020 0:00,168.0271109
6/16/2020 0:00,150.2931609
6/17/2020 0:00,139.1502609
6/18/2020 0:00,85.6367799
6/19/2020 0:00,115.3753379
6/20/2020 0:00,140.5524779
6/21/2020 0:00,141.1606129
6/22/2020 0:00,181.0509979
6/23/2020 0:00,180.5033979
6/24/2020 0:00,172.3141629
6/25/2020 0:00,175.7361959
6/26/2020 0:00,170.9500329
6/27/2020 0:00,120.3493919
6/28/2020 0:00,154.7484259
6/29/2020 0:00,118.9064939
6/30/2020 0:00,102.4411989
7/1/2020 0:00,137.5865969
7/2/2020 0:00,121.2675539
7/3/2020 0:00,105.4244029
7/4/2020 0:00,85.1774719
7/5/2020 0:00,151.1831049
7/6/2020 0:00,133.6249719
7/7/2020 0:00,116.1451629
7/8/2020 0:00,92.8189229
7/9/2020 0:00,115.5408379
7/10/2020 0:00,152.7357959
7/11/2020 0:00,169.2045029
7/12/2020 0:00,174.4103639
7/13/2020 0:00,141.2199729
7/14/2020 0:00,109.2687469
7/15/2020 0:00,102.3112209
7/16/2020 0:00,118.1093819
7/17/2020 0:00,147.4811859
7/18/2020 0:00,122.1581509
7/19/2020 0:00,145.1442749
7/20/2020 0:00,169.5181799
7/21/2020 0:00,176.2752419
7/22/2020 0:00,150.3872319
7/23/2020 0:00,128.0388929
7/24/2020 0:00,132.7234459
7/25/2020 0:00,94.2061499
7/26/2020 0:00,145.7072829
7/27/2020 0:00,99.9226779
7/28/2020 0:00,129.6908869
7/29/2020 0:00,154.0632789
7/30/2020 0:00,164.4502919
7/31/2020 0:00,164.0856899
8/1/2020 0:00,127.0366259
8/2/2020 0:00,156.8064839
8/3/2020 0:00,141.4065619
8/4/2020 0:00,108.2817239
8/5/2020 0:00,121.3079389
8/6/2020 0:00,102.8068689
8/7/2020 0:00,131.4087529
8/8/2020 0:00,155.7346659
8/9/2020 0:00,113.4679429
8/10/2020 0:00,117.2097759
8/11/2020 0:00,147.5399959
8/12/2020 0:00,147.1591419
8/13/2020 0:00,90.2503069
8/14/2020 0:00,76.6373659
8/15/2020 0:00,64.6187119
8/16/2020 0:00,95.8069219
8/17/2020 0:00,143.8808529
8/18/2020 0:00,113.4656919
8/19/2020 0:00,77.4853209
8/20/2020 0:00,154.8125589
8/21/2020 0:00,112.9057749
8/22/2020 0:00,126.0041369
8/23/2020 0:00,120.6138259
8/24/2020 0:00,111.9151699
8/25/2020 0:00,104.9731139
8/26/2020 0:00,133.1622469
8/27/2020 0:00,75.5841679
8/28/2020 0:00,109.3596149
8/29/2020 0:00,128.1628709
8/30/2020 0:00,146.4969189
8/31/2020 0:00,118.1076249
9/1/2020 0:00,121.6975299
9/2/2020 0:00,105.8263449
9/3/2020 0:00,80.3930659
9/4/2020 0:00,95.4912689
9/5/2020 0:00,133.6812129
9/6/2020 0:00,100.3485129
9/7/2020 0:00,95.7556639
9/8/2020 0:00,90.3064939
9/9/2020 0:00,61.24539044
9/10/2020 0:00,93.28890744
9/11/2020 0:00,54.87983544
9/12/2020 0:00,90.50237744
9/13/2020 0:00,90.80111944
9/14/2020 0:00,89.05022844
9/15/2020 0:00,87.73308944
9/16/2020 0:00,83.96682544
9/17/2020 0:00,88.03076444
9/18/2020 0:00,92.62534444
9/19/2020 0:00,76.43789444
9/20/2020 0:00,79.73489444
9/21/2020 0:00,74.97272944
9/22/2020 0:00,62.35403444
9/23/2020 0:00,47.12221944
9/24/2020 0:00,70.36497544
9/25/2020 0:00,85.74381044
9/26/2020 0:00,85.91369844
9/27/2020 0:00,83.64969444
9/28/2020 0:00,50.99694144
9/29/2020 0:00,78.60233344
9/30/2020 0:00,31.82529444
10/1/2020 0:00,68.32537044
10/2/2020 0:00,28.12067544
10/3/2020 0:00,26.27737444
10/4/2020 0:00,30.74367244
10/5/2020 0:00,56.37411244
10/6/2020 0:00,64.62262044
10/7/2020 0:00,70.37570644
10/8/2020 0:00,61.80219544
10/9/2020 0:00,51.29480544
10/10/2020 0:00,48.25771944
10/11/2020 0:00,55.28617044
10/12/2020 0:00,36.63326744
10/13/2020 0:00,60.25180544
10/14/2020 0:00,62.89799044
10/15/2020 0:00,62.87046844
10/16/2020 0:00,48.37247844
10/17/2020 0:00,44.31137144
10/18/2020 0:00,38.57414944
10/19/2020 0:00,56.93189744
10/20/2020 0:00,41.84647744
10/21/2020 0:00,33.93065444
10/22/2020 0:00,46.60698544
10/23/2020 0:00,38.76139444
10/24/2020 0:00,32.53927144
10/25/2020 0:00,58.02967646
10/26/2020 0:00,54.08665444
10/27/2020 0:00,36.59474644
10/28/2020 0:00,41.54249844
10/29/2020 0:00,29.19794644
10/30/2020 0:00,30.09114244
10/31/2020 0:00,31.58770044
11/1/2020 0:00,31.88505544
11/2/2020 0:00,46.89790644
11/3/2020 0:00,48.15401444
11/4/2020 0:00,49.17267544
11/5/2020 0:00,45.34770544
11/6/2020 0:00,48.17899144
11/7/2020 0:00,40.21209244
11/8/2020 0:00,30.58530444
11/9/2020 0:00,34.04165744
11/10/2020 0:00,36.71892044
11/11/2020 0:00,28.00072244
11/12/2020 0:00,43.40006244
11/13/2020 0:00,41.98804544
11/14/2020 0:00,23.87723044
11/15/2020 0:00,40.83024044
11/16/2020 0:00,33.06963444
11/17/2020 0:00,30.65530244
11/18/2020 0:00,27.14450444
11/19/2020 0:00,39.70614144
11/20/2020 0:00,26.93513044
11/21/2020 0:00,28.73525844
11/22/2020 0:00,32.95915144
11/23/2020 0:00,34.82204144
11/24/2020 0:00,32.50713044
11/25/2020 0:00,27.88415344
11/26/2020 0:00,37.86059444
11/27/2020 0:00,37.37958244
11/28/2020 0:00,24.17546544
11/29/2020 0:00,25.78470844
11/30/2020 0:00,26.08590244
12/1/2020 0:00,38.54709744
12/2/2020 0:00,24.71313144
12/3/2020 0:00,26.10435244
12/4/2020 0:00,32.05844044
12/5/2020 0:00,28.78529744
12/6/2020 0:00,32.30783344
12/7/2020 0:00,27.84457644
12/8/2020 0:00,37.23269044
12/9/2020 0:00,24.04982014
12/10/2020 0:00,22.82279184
12/11/2020 0:00,20.68738584
12/12/2020 0:00,29.65243284
12/13/2020 0:00,16.15652584
12/14/2020 0:00,23.55722184
12/15/2020 0:00,27.62529784
12/16/2020 0:00,14.96196384
12/17/2020 0:00,26.78456984
12/18/2020 0:00,16.54116284
12/19/2020 0:00,25.18449984
12/20/2020 0:00,27.92320984
12/21/2020 0:00,16.50128584
12/22/2020 0:00,17.78607384
12/23/2020 0:00,19.27488384
12/24/2020 0:00,24.80288684
12/25/2020 0:00,27.61932284
12/26/2020 0:00,18.24250284
12/27/2020 0:00,27.52367584
12/28/2020 0:00,18.56367684
12/29/2020 0:00,24.16388284
12/30/2020 0:00,25.53610684
12/31/2020 0:00,28.64288484
1/1/2021 0:00,19.40160084
1/2/2021 0:00,25.78971184
1/3/2021 0:00,19.75706484
1/4/2021 0:00,20.63082284
1/5/2021 0:00,27.88541984
1/6/2021 0:00,19.06886584
1/7/2021 0:00,21.60719584
1/8/2021 0:00,18.10869784
1/9/2021 0:00,20.51470284
1/10/2021 0:00,26.60533684
1/11/2021 0:00,22.35362684
1/12/2021 0:00,19.09614984
1/13/2021 0:00,17.11188084
1/14/2021 0:00,19.57522584
1/15/2021 0:00,24.48487384
1/16/2021 0:00,26.85935884
1/17/2021 0:00,28.78266084
1/18/2021 0:00,23.56251084
1/19/2021 0:00,19.11270684
1/20/2021 0:00,15.56867684
1/21/2021 0:00,29.34778684
1/22/2021 0:00,31.45947084
1/23/2021 0:00,35.19386784
1/24/2021 0:00,24.40761484
1/25/2021 0:00,38.59845284
1/26/2021 0:00,20.04732084
1/27/2021 0:00,17.88937784
1/28/2021 0:00,22.96136484
1/29/2021 0:00,30.82078084
1/30/2021 0:00,23.52557584
1/31/2021 0:00,20.22004484
2/1/2021 0:00,20.18226184
2/2/2021 0:00,32.68103984
2/3/2021 0:00,34.09179784
2/4/2021 0:00,24.19597084
2/5/2021 0:00,40.20814584
2/6/2021 0:00,34.30507384
2/7/2021 0:00,26.80127984
2/8/2021 0:00,39.94218484
2/9/2021 0:00,33.73700984
2/10/2021 0:00,41.07991984
2/11/2021 0:00,39.23800884
2/12/2021 0:00,41.08617484
2/13/2021 0:00,27.94144184
2/14/2021 0:00,18.88671384
2/15/2021 0:00,35.81568184
2/16/2021 0:00,34.36398284
2/17/2021 0:00,33.09156584
2/18/2021 0:00,43.20851884
2/19/2021 0:00,19.06565484
2/20/2021 0:00,24.53350884
2/21/2021 0:00,30.26491084
2/22/2021 0:00,37.00676084
2/23/2021 0:00,42.87059584
2/24/2021 0:00,34.34370184
2/25/2021 0:00,44.48459284
2/26/2021 0:00,60.71130684
2/27/2021 0:00,52.12813384
2/28/2021 0:00,61.36130984
3/1/2021 0:00,40.71334684
3/2/2021 0:00,34.30085384
3/3/2021 0:00,28.03346684
3/4/2021 0:00,26.62647684
3/5/2021 0:00,41.46326284
3/6/2021 0:00,52.53992184
3/7/2021 0:00,65.65379884
3/8/2021 0:00,55.85340784
3/9/2021 0:00,75.26522484
3/10/2021 0:00,26.51948684
3/11/2021 0:00,55.07161484
3/12/2021 0:00,60.51806584
3/13/2021 0:00,64.21921984
3/14/2021 0:00,60.46647584
3/15/2021 0:00,62.95766484
3/16/2021 0:00,50.67052292
3/17/2021 0:00,39.135049
3/18/2021 0:00,37.69
3/19/2021 0:00,32.508753
3/20/2021 0:00,25.386296
3/21/2021 0:00,43.978958
3/22/2021 0:00,39.399728
3/23/2021 0:00,40.203942
3/24/2021 0:00,43.063108
3/25/2021 0:00,42.74116
3/26/2021 0:00,38.052471
3/27/2021 0:00,71.743888
3/28/2021 0:00,15.701251
3/29/2021 0:00,46.324207
3/30/2021 0:00,74.388261
3/31/2021 0:00,63.999125
4/1/2021 0:00,47.061457
4/2/2021 0:00,67.17463
4/3/2021 0:00,60.543534
4/4/2021 0:00,84.587726
4/5/2021 0:00,50.02091
4/6/2021 0:00,82.754535
4/7/2021 0:00,34.411109
4/8/2021 0:00,65.416742
4/9/2021 0:00,53.662616
4/10/2021 0:00,48.372961
4/11/2021 0:00,81.866848
4/12/2021 0:00,62.904019
4/13/2021 0:00,79.764352
4/14/2021 0:00,78.314192
4/15/2021 0:00,101.55635
4/16/2021 0:00,85.053276
4/17/2021 0:00,96.591432
4/18/2021 0:00,96.812371
4/19/2021 0:00,94.111207
4/20/2021 0:00,98.256349
4/21/2021 0:00,76.862359
4/22/2021 0:00,103.52971
4/23/2021 0:00,103.853892
4/24/2021 0:00,103.931566
4/25/2021 0:00,106.567309
4/26/2021 0:00,82.996543
4/27/2021 0:00,61.765419
4/28/2021 0:00,36.003642
4/29/2021 0:00,89.320358
4/30/2021 0:00,78.691055
5/1/2021 0:00,87.740378
5/2/2021 0:00,105.093837
5/3/2021 0:00,38.132311
5/4/2021 0:00,96.927841
5/5/2021 0:00,107.450297
5/6/2021 0:00,78.611074
5/7/2021 0:00,107.735014
5/8/2021 0:00,14.682991
5/9/2021 0:00,100.933653
5/10/2021 0:00,86.518418
5/11/2021 0:00,81.04351
5/12/2021 0:00,100.497728
5/13/2021 0:00,33.887502
5/14/2021 0:00,62.263248
5/15/2021 0:00,72.932117
5/16/2021 0:00,80.608141
5/17/2021 0:00,96.158789
5/18/2021 0:00,81.798316
5/19/2021 0:00,93.648247
5/20/2021 0:00,37.237889
5/21/2021 0:00,40.290923
5/22/2021 0:00,97.796252
5/23/2021 0:00,47.171743
5/24/2021 0:00,86.835756
5/25/2021 0:00,88.272208
5/26/2021 0:00,109.706363
5/27/2021 0:00,110.278225
5/28/2021 0:00,62.976376
5/29/2021 0:00,104.404317
5/30/2021 0:00,125.416433
5/31/2021 0:00,129.070097
6/1/2021 0:00,127.025302
6/2/2021 0:00,89.110436
6/3/2021 0:00,66.687484
6/4/2021 0:00,108.660864
6/5/2021 0:00,128.930697
6/6/2021 0:00,59.804581
6/7/2021 0:00,76.903226
6/8/2021 0:00,114.695385
6/9/2021 0:00,106.564458
6/10/2021 0:00,52.218663
6/11/2021 0:00,72.051196
6/12/2021 0:00,113.203418
6/13/2021 0:00,129.350869
6/14/2021 0:00,130.902815
6/15/2021 0:00,119.440542
6/16/2021 0:00,130.264624
6/17/2021 0:00,48.345266
6/18/2021 0:00,29.817475
6/19/2021 0:00,28.854029
6/20/2021 0:00,28.47719
6/21/2021 0:00,43.313311
6/22/2021 0:00,99.119878
6/23/2021 0:00,132.24945
6/24/2021 0:00,79.151833
6/25/2021 0:00,83.458301
6/26/2021 0:00,90.09444
6/27/2021 0:00,39.065506
6/28/2021 0:00,34.049312
6/29/2021 0:00,54.118953
6/30/2021 0:00,105.533247
7/1/2021 0:00,73.444287
7/2/2021 0:00,101.470023
7/3/2021 0:00,58.254849
7/4/2021 0:00,60.686391
7/5/2021 0:00,94.496256
7/6/2021 0:00,102.582916
7/7/2021 0:00,75.401842
7/8/2021 0:00,78.819436
7/9/2021 0:00,76.510793
7/10/2021 0:00,48.753726
7/11/2021 0:00,64.818976
7/12/2021 0:00,54.261027
7/13/2021 0:00,70.773137
7/14/2021 0:00,108.840411
7/15/2021 0:00,86.812747
7/16/2021 0:00,116.570851
7/17/2021 0:00,115.164989
7/18/2021 0:00,112.370428
7/19/2021 0:00,109.162924
7/20/2021 0:00,110.993786
7/21/2021 0:00,109.088983
7/22/2021 0:00,109.464712
7/23/2021 0:00,103.806284
7/24/2021 0:00,24.505932
7/25/2021 0:00,51.296391
7/26/2021 0:00,88.545286
7/27/2021 0:00,67.651008
7/28/2021 0:00,56.968679
7/29/2021 0:00,105.831081
7/30/2021 0:00,42.428531
7/31/2021 0:00,69.743616
8/1/2021 0:00,50.612062
8/2/2021 0:00,48.551845
8/3/2021 0:00,76.400567
8/4/2021 0:00,89.499213
8/5/2021 0:00,36.828236
8/6/2021 0:00,77.090757
8/7/2021 0:00,64.814464
8/8/2021 0:00,44.161892
8/9/2021 0:00,78.240673
8/10/2021 0:00,91.204564
8/11/2021 0:00,75.435698
8/12/2021 0:00,64.894007
8/13/2021 0:00,44.683361
8/14/2021 0:00,58.737151
8/15/2021 0:00,62.695879
8/16/2021 0:00,66.248181
8/17/2021 0:00,53.05384
8/18/2021 0:00,52.940695
8/19/2021 0:00,50.686064
8/20/2021 0:00,34.942259
8/21/2021 0:00,28.538778
8/22/2021 0:00,78.820111
8/23/2021 0:00,34.45081
8/24/2021 0:00,86.100446
8/25/2021 0:00,53.890912
8/26/2021 0:00,67.866638
8/27/2021 0:00,46.256623
8/28/2021 0:00,64.504323
8/29/2021 0:00,50.061197
8/30/2021 0:00,24.027374
8/31/2021 0:00,33.096696
9/1/2021 0:00,31.582475
9/2/2021 0:00,40.024003
9/3/2021 0:00,51.556684
9/4/2021 0:00,81.109162
9/5/2021 0:00,43.34574
9/6/2021 0:00,63.285316
9/7/2021 0:00,70.83412
9/8/2021 0:00,60.263651
9/9/2021 0:00,35.784178
9/10/2021 0:00,38.040593
9/11/2021 0:00,54.861328
9/12/2021 0:00,63.308212
9/13/2021 0:00,34.446227
9/14/2021 0:00,18.051479
9/15/2021 0:00,58.501116
9/16/2021 0:00,55.817814
9/17/2021 0:00,55.81459
9/18/2021 0:00,57.423223
9/19/2021 0:00,45.241002
9/20/2021 0:00,65.156578
9/21/2021 0:00,58.864157
9/22/2021 0:00,49.594843
9/23/2021 0:00,36.201944
9/24/2021 0:00,48.954529
9/25/2021 0:00,36.286319
9/26/2021 0:00,54.921124
9/27/2021 0:00,46.913574
9/28/2021 0:00,18.893959
9/29/2021 0:00,53.79187
9/30/2021 0:00,17.125199
10/1/2021 0:00,35.445863
10/2/2021 0:00,9.399261
10/3/2021 0:00,40.978097
10/4/2021 0:00,46.542191
10/5/2021 0:00,40.705468
10/6/2021 0:00,48.030839
10/7/2021 0:00,26.343453
10/8/2021 0:00,14.519643
10/9/2021 0:00,46.348084
10/10/2021 0:00,43.06109
10/11/2021 0:00,37.082834
10/12/2021 0:00,41.861175
10/13/2021 0:00,23.604876
10/14/2021 0:00,46.333321
10/15/2021 0:00,19.063632
10/16/2021 0:00,24.325411
10/17/2021 0:00,21.911832
10/18/2021 0:00,4.682271
10/19/2021 0:00,5.879086
10/20/2021 0:00,32.324308
10/21/2021 0:00,37.506765
10/22/2021 0:00,24.589867
10/23/2021 0:00,14.59965
10/24/2021 0:00,11.859048
10/25/2021 0:00,32.009785
10/26/2021 0:00,14.334437
10/27/2021 0:00,9.773288
10/28/2021 0:00,19.720294
10/29/2021 0:00,20.230478
10/30/2021 0:00,23.39469
10/31/2021 0:00,21.342817
11/1/2021 0:00,11.75088
11/2/2021 0:00,21.090001
11/3/2021 0:00,23.212221
11/4/2021 0:00,26.913832
11/5/2021 0:00,26.147897
11/6/2021 0:00,12.598745
11/7/2021 0:00,24.843673
11/8/2021 0:00,11.497351
11/9/2021 0:00,16.703915
11/10/2021 0:00,13.110428
11/11/2021 0:00,20.461012
11/12/2021 0:00,14.758764
11/13/2021 0:00,16.32363
11/14/2021 0:00,22.165197
11/15/2021 0:00,9.916578
11/16/2021 0:00,15.465861
11/17/2021 0:00,15.020961
11/18/2021 0:00,9.449246
11/19/2021 0:00,8.196238
11/20/2021 0:00,5.988105
11/21/2021 0:00,17.028959
11/22/2021 0:00,18.399869
11/23/2021 0:00,8.902612
11/24/2021 0:00,7.21495
11/25/2021 0:00,18.822543
11/26/2021 0:00,12.830934
11/27/2021 0:00,8.906012
11/28/2021 0:00,18.301462
11/29/2021 0:00,11.642161
11/30/2021 0:00,8.448766
12/1/2021 0:00,16.031169
12/2/2021 0:00,17.075921
12/3/2021 0:00,10.08809
12/4/2021 0:00,16.952722
12/5/2021 0:00,6.221421
12/6/2021 0:00,5.384335
12/7/2021 0:00,4.13757
12/8/2021 0:00,7.769708
12/9/2021 0:00,9.405606
12/10/2021 0:00,12.503163
12/11/2021 0:00,5.827655
12/12/2021 0:00,7.873608
12/13/2021 0:00,8.550461
12/14/2021 0:00,4.459801
12/15/2021 0:00,4.310604
12/16/2021 0:00,3.263738
12/17/2021 0:00,4.989693
12/18/2021 0:00,3.878996
12/19/2021 0:00,6.603994
12/20/2021 0:00,1.738448
12/21/2021 0:00,7.194039
12/22/2021 0:00,6.696823
12/23/2021 0:00,0.932461
12/24/2021 0:00,3.587651
12/25/2021 0:00,3.917094
12/26/2021 0:00,9.395464
12/27/2021 0:00,7.418402
12/28/2021 0:00,10.224781
12/29/2021 0:00,6.953685
12/30/2021 0:00,4.33365
12/31/2021 0:00,3.839298
1/1/2022 0:00,7.37732
1/2/2022 0:00,7.840559
1/3/2022 0:00,8.382532
1/4/2022 0:00,8.48779
1/5/2022 0:00,16.313683
1/6/2022 0:00,4.816494
1/7/2022 0:00,5.928455
1/8/2022 0:00,3.06015
1/9/2022 0:00,15.825863
1/10/2022 0:00,3.599044
1/11/2022 0:00,7.184427
1/12/2022 0:00,11.698916
1/13/2022 0:00,16.550782
1/14/2022 0:00,16.596445
1/15/2022 0:00,9.833919
1/16/2022 0:00,12.420773
1/17/2022 0:00,18.208778
1/18/2022 0:00,11.294359
1/19/2022 0:00,11.770511
1/20/2022 0:00,17.680342
1/21/2022 0:00,11.098891
1/22/2022 0:00,16.948662
1/23/2022 0:00,4.70559
1/24/2022 0:00,3.639916
1/25/2022 0:00,3.488158
1/26/2022 0:00,20.753501
1/27/2022 0:00,9.119353
1/28/2022 0:00,12.288812
1/29/2022 0:00,10.463534
1/30/2022 0:00,25.22234
1/31/2022 0:00,20.663736
2/1/2022 0:00,26.19828
2/2/2022 0:00,24.926554
2/3/2022 0:00,13.886567
2/4/2022 0:00,26.168601
2/5/2022 0:00,24.935148
2/6/2022 0:00,20.094182
2/7/2022 0:00,18.68539
2/8/2022 0:00,22.90818
2/9/2022 0:00,21.767496
2/10/2022 0:00,21.543251
2/11/2022 0:00,35.971987
2/12/2022 0:00,19.307374
2/13/2022 0:00,4.170955
2/14/2022 0:00,22.860814
2/15/2022 0:00,6.539859
2/16/2022 0:00,10.426676
2/17/2022 0:00,32.958885
2/18/2022 0:00,23.062088
2/19/2022 0:00,16.878551
2/20/2022 0:00,4.877263
2/21/2022 0:00,14.732305
2/22/2022 0:00,21.657736
2/23/2022 0:00,23.837995
2/24/2022 0:00,28.948533
2/25/2022 0:00,40.126373
2/26/2022 0:00,44.412886
2/27/2022 0:00,37.214581
2/28/2022 0:00,8.867753
3/1/2022 0:00,8.973248
3/2/2022 0:00,11.006519
3/3/2022 0:00,13.597563
3/4/2022 0:00,47.169813
3/5/2022 0:00,30.473255
3/6/2022 0:00,24.207958
3/7/2022 0:00,27.281986
3/8/2022 0:00,31.028052
3/9/2022 0:00,31.233442
3/10/2022 0:00,37.122758
3/11/2022 0:00,14.193443
3/12/2022 0:00,58.827649
3/13/2022 0:00,44.293379
3/14/2022 0:00,63.982045
3/15/2022 0:00,48.837136
3/16/2022 0:00,6.982915
3/17/2022 0:00,66.30476
3/18/2022 0:00,60.704106
3/19/2022 0:00,66.979956
3/20/2022 0:00,71.427025
3/21/2022 0:00,35.64102
3/22/2022 0:00,66.336325
3/23/2022 0:00,67.929616
3/24/2022 0:00,67.589124
3/25/2022 0:00,68.956225
3/26/2022 0:00,73.183752
3/27/2022 0:00,68.174105
3/28/2022 0:00,69.466083
3/29/2022 0:00,15.878489
3/30/2022 0:00,46.998284
3/31/2022 0:00,64.669149
4/1/2022 0:00,75.766556
4/2/2022 0:00,59.390315
4/3/2022 0:00,76.080079
4/4/2022 0:00,49.495259
4/5/2022 0:00,59.348525
4/6/2022 0:00,48.298334
4/7/2022 0:00,68.117566
4/8/2022 0:00,53.878996
4/9/2022 0:00,84.393702
4/10/2022 0:00,89.068204
4/11/2022 0:00,58.784371
4/12/2022 0:00,32.736855
4/13/2022 0:00,48.565831
4/14/2022 0:00,43.671913
4/15/2022 0:00,88.011821
4/16/2022 0:00,82.731995
4/17/2022 0:00,89.138975
4/18/2022 0:00,74.008058
4/19/2022 0:00,68.041163
4/20/2022 0:00,83.427829
4/21/2022 0:00,91.744664
4/22/2022 0:00,35.329826
4/23/2022 0:00,48.983018
4/24/2022 0:00,91.29305
4/25/2022 0:00,71.043753
4/26/2022 0:00,105.677844
4/27/2022 0:00,46.311357
4/28/2022 0:00,68.537985
4/29/2022 0:00,81.808481
4/30/2022 0:00,109.269163
5/1/2022 0:00,16.87592
5/2/2022 0:00,37.734068
5/3/2022 0:00,44.901932
5/4/2022 0:00,65.674997
5/5/2022 0:00,96.752235
5/6/2022 0:00,64.943576
5/7/2022 0:00,101.688064
5/8/2022 0:00,104.888237
5/9/2022 0:00,101.302937
5/10/2022 0:00,78.560541
5/11/2022 0:00,37.600542
5/12/2022 0:00,106.81978
5/13/2022 0:00,94.526098
5/14/2022 0:00,86.476626
5/15/2022 0:00,47.770347
5/16/2022 0:00,65.02757
5/17/2022 0:00,93.976891
5/18/2022 0:00,87.485234
5/19/2022 0:00,91.660253
5/20/2022 0:00,54.814904
5/21/2022 0:00,85.338416
5/22/2022 0:00,102.09992
5/23/2022 0:00,66.244977
5/24/2022 0:00,92.980261
5/25/2022 0:00,51.708182
5/26/2022 0:00,54.873696
5/27/2022 0:00,123.318361
5/28/2022 0:00,106.52828
5/29/2022 0:00,68.553982
5/30/2022 0:00,71.955189
5/31/2022 0:00,73.664809
6/1/2022 0:00,90.174823
6/2/2022 0:00,107.828739
6/3/2022 0:00,67.923501
6/4/2022 0:00,66.869871
6/5/2022 0:00,19.141065
6/6/2022 0:00,71.18829
6/7/2022 0:00,95.646854
6/8/2022 0:00,99.658948
6/9/2022 0:00,60.419916
6/10/2022 0:00,115.344141
6/11/2022 0:00,108.302365
6/12/2022 0:00,115.832683
6/13/2022 0:00,93.943596
6/14/2022 0:00,110.941985
6/15/2022 0:00,120.484026
6/16/2022 0:00,118.875394
6/17/2022 0:00,115.870893
6/18/2022 0:00,22.609886
6/19/2022 0:00,78.04661
6/20/2022 0:00,126.134321
6/21/2022 0:00,120.359521
6/22/2022 0:00,119.368547
6/23/2022 0:00,92.344805
6/24/2022 0:00,42.372172
6/25/2022 0:00,105.43284
6/26/2022 0:00,93.892525
6/27/2022 0:00,78.917368
6/28/2022 0:00,68.779858
6/29/2022 0:00,57.639911
6/30/2022 0:00,69.790479
7/1/2022 0:00,77.075538
7/2/2022 0:00,49.829664
7/3/2022 0:00,73.624623
7/4/2022 0:00,83.991562
7/5/2022 0:00,97.155796
7/6/2022 0:00,88.65561
7/7/2022 0:00,65.338619
7/8/2022 0:00,123.880272
7/9/2022 0:00,99.17372
7/10/2022 0:00,115.556108
7/11/2022 0:00,120.012069
7/12/2022 0:00,65.74148
7/13/2022 0:00,87.848996
7/14/2022 0:00,110.102612
7/15/2022 0:00,104.7361
7/16/2022 0:00,111.885002
7/17/2022 0:00,110.815607
7/18/2022 0:00,105.295354
7/19/2022 0:00,100.448079
7/20/2022 0:00,50.489968
7/21/2022 0:00,80.22075
7/22/2022 0:00,45.026043
7/23/2022 0:00,57.052751
7/24/2022 0:00,53.206359
7/25/2022 0:00,59.036304
7/26/2022 0:00,60.9188
7/27/2022 0:00,73.700535
7/28/2022 0:00,37.230445
7/29/2022 0:00,110.852286
7/30/2022 0:00,55.081732
7/31/2022 0:00,60.974021
8/1/2022 0:00,91.550983
8/2/2022 0:00,50.903289
8/3/2022 0:00,55.373398
8/4/2022 0:00,88.384033
8/5/2022 0:00,101.940711
8/6/2022 0:00,102.659613
8/7/2022 0:00,99.387192
8/8/2022 0:00,98.417729
8/9/2022 0:00,99.222682
8/10/2022 0:00,95.495778
8/11/2022 0:00,93.676145
8/12/2022 0:00,92.406768
8/13/2022 0:00,91.115681
8/14/2022 0:00,93.224093
8/15/2022 0:00,37.881385
8/16/2022 0:00,37.725134
8/17/2022 0:00,40.782789
8/18/2022 0:00,63.084512
8/19/2022 0:00,80.712306
8/20/2022 0:00,66.10758
8/21/2022 0:00,61.411541
8/22/2022 0:00,38.693163
8/23/2022 0:00,58.325952
8/24/2022 0:00,40.861574
8/25/2022 0:00,31.399223
8/26/2022 0:00,62.662454
8/27/2022 0:00,80.831937
8/28/2022 0:00,79.338669
8/29/2022 0:00,67.087459
8/30/2022 0:00,51.070369
8/31/2022 0:00,69.49503
9/1/2022 0:00,35.508076
9/2/2022 0:00,62.404189
9/3/2022 0:00,39.864903
9/4/2022 0:00,22.72701
9/5/2022 0:00,46.65083
9/6/2022 0:00,50.271092
9/7/2022 0:00,60.123096
9/8/2022 0:00,39.948533
9/9/2022 0:00,42.106207
9/10/2022 0:00,43.981879
9/11/2022 0:00,63.22581
9/12/2022 0:00,48.89822
9/13/2022 0:00,25.039374
9/14/2022 0:00,65.60087
9/15/2022 0:00,46.091891
9/16/2022 0:00,61.723479
9/17/2022 0:00,67.886145
9/18/2022 0:00,54.414165
9/19/2022 0:00,41.897286
9/20/2022 0:00,59.303846
9/21/2022 0:00,51.804773
9/22/2022 0:00,50.778426
9/23/2022 0:00,48.25616
9/24/2022 0:00,55.028922
9/25/2022 0:00,58.677311
9/26/2022 0:00,39.568623
9/27/2022 0:00,32.967486
9/28/2022 0:00,46.610748
9/29/2022 0:00,22.230026
9/30/2022 0:00,15.183181
10/1/2022 0:00,42.353258
10/2/2022 0:00,45.107525
10/3/2022 0:00,41.821964
10/4/2022 0:00,23.924016
10/5/2022 0:00,20.468282
10/6/2022 0:00,50.973287
10/7/2022 0:00,42.50858
10/8/2022 0:00,45.886964
10/9/2022 0:00,39.026218
10/10/2022 0:00,47.71797
10/11/2022 0:00,48.247677
10/12/2022 0:00,38.571551
10/13/2022 0:00,32.240053
10/14/2022 0:00,21.059757
10/15/2022 0:00,36.680687
10/16/2022 0:00,44.821717
10/17/2022 0:00,43.516758
10/18/2022 0:00,37.398921
10/19/2022 0:00,28.869636
10/20/2022 0:00,20.749914
10/21/2022 0:00,20.258994
10/22/2022 0:00,28.695646
10/23/2022 0:00,28.735259
10/24/2022 0:00,32.130799
10/25/2022 0:00,28.806869
10/26/2022 0:00,34.482619
10/27/2022 0:00,14.207004
10/28/2022 0:00,28.626923
10/29/2022 0:00,21.938099
10/30/2022 0:00,16.756308
10/31/2022 0:00,18.970187
11/1/2022 0:00,19.807548
11/2/2022 0:00,17.057285
11/3/2022 0:00,15.999628
11/4/2022 0:00,30.24856
11/5/2022 0:00,7.108713
11/6/2022 0:00,9.732873
11/7/2022 0:00,7.431215
11/8/2022 0:00,17.910566
11/9/2022 0:00,15.861739
11/10/2022 0:00,7.283193
11/11/2022 0:00,12.157678
11/12/2022 0:00,17.939468
11/13/2022 0:00,20.122727
11/14/2022 0:00,12.969473
11/15/2022 0:00,9.14097
11/16/2022 0:00,15.632506
11/17/2022 0:00,21.026983
11/18/2022 0:00,16.947327
11/19/2022 0:00,17.331958
11/20/2022 0:00,17.154491
11/21/2022 0:00,4.985197
11/22/2022 0:00,15.875295
11/23/2022 0:00,20.017284
11/24/2022 0:00,7.68914
11/25/2022 0:00,17.205534
11/26/2022 0:00,7.137703
11/27/2022 0:00,11.212165
11/28/2022 0:00,16.973193
11/29/2022 0:00,6.41712
11/30/2022 0:00,5.879333
12/1/2022 0:00,6.202652
12/2/2022 0:00,5.167162
12/3/2022 0:00,7.087414
12/4/2022 0:00,2.077792
12/5/2022 0:00,7.101502
12/6/2022 0:00,10.21872
12/7/2022 0:00,10.803414
12/8/2022 0:00,14.839439
12/9/2022 0:00,13.779305
12/10/2022 0:00,13.533014
12/11/2022 0:00,3.526243
12/12/2022 0:00,5.436254
12/13/2022 0:00,12.622051
12/14/2022 0:00,8.79638
12/15/2022 0:00,13.480909
12/16/2022 0:00,13.453668
12/17/2022 0:00,9.05804
12/18/2022 0:00,1.087982
12/19/2022 0:00,2.338482
12/20/2022 0:00,13.628762
12/21/2022 0:00,13.715513
12/22/2022 0:00,4.506265
12/23/2022 0:00,9.207674
12/24/2022 0:00,8.889609
12/25/2022 0:00,3.638188
12/26/2022 0:00,12.247651
12/27/2022 0:00,5.045868
12/28/2022 0:00,5.031023
12/29/2022 0:00,9.66392
12/30/2022 0:00,6.729061
12/31/2022 0:00,1.128818
1/1/2023 0:00,7.143165
1/2/2023 0:00,13.759405
1/3/2023 0:00,4.785918
1/4/2023 0:00,9.189536
1/5/2023 0:00,8.719504
1/6/2023 0:00,12.053701
1/7/2023 0:00,7.960911
1/8/2023 0:00,8.231088
1/9/2023 0:00,13.851085
1/10/2023 0:00,3.483403
1/11/2023 0:00,7.130148
1/12/2023 0:00,6.01417
1/13/2023 0:00,16.946531
1/14/2023 0:00,9.145231
1/15/2023 0:00,12.32113
1/16/2023 0:00,9.542664
1/17/2023 0:00,12.914963
1/18/2023 0:00,19.258881
1/19/2023 0:00,19.19373
1/20/2023 0:00,19.533443
1/21/2023 0:00,10.603303
1/22/2023 0:00,13.983843
1/23/2023 0:00,16.94381
1/24/2023 0:00,21.56293
1/25/2023 0:00,8.991671
1/26/2023 0:00,16.351996
1/27/2023 0:00,10.361702
1/28/2023 0:00,7.308096
1/29/2023 0:00,13.572725
1/30/2023 0:00,22.700154
1/31/2023 0:00,13.515845
2/1/2023 0:00,19.218467
2/2/2023 0:00,13.190691
2/3/2023 0:00,16.136857
2/4/2023 0:00,5.546705
2/5/2023 0:00,29.230251
2/6/2023 0:00,29.326949
2/7/2023 0:00,35.165506
2/8/2023 0:00,30.634619
2/9/2023 0:00,23.116472
2/10/2023 0:00,27.082101
2/11/2023 0:00,13.797559
2/12/2023 0:00,17.394855
2/13/2023 0:00,24.462209
2/14/2023 0:00,32.93572
2/15/2023 0:00,29.557267
2/16/2023 0:00,18.19102
2/17/2023 0:00,15.703545
2/18/2023 0:00,15.881383
2/19/2023 0:00,32.446248
2/20/2023 0:00,20.560563
2/21/2023 0:00,15.297103
2/22/2023 0:00,29.532508
2/23/2023 0:00,29.983989
2/24/2023 0:00,18.897014
2/25/2023 0:00,24.99615
2/26/2023 0:00,40.922757
2/27/2023 0:00,22.879661
2/28/2023 0:00,21.540987
3/1/2023 0:00,22.436646
3/2/2023 0:00,38.929289
3/3/2023 0:00,14.813335
3/4/2023 0:00,12.429037
3/5/2023 0:00,16.99326
3/6/2023 0:00,35.041967
3/7/2023 0:00,28.326894
3/8/2023 0:00,1.52009
3/9/2023 0:00,17.409278
3/10/2023 0:00,30.616008
3/11/2023 0:00,26.992855
3/12/2023 0:00,35.075185
3/13/2023 0:00,32.8576
3/14/2023 0:00,43.36655
3/15/2023 0:00,28.517384
3/16/2023 0:00,11.086543
3/17/2023 0:00,33.601893
3/18/2023 0:00,48.941282
3/19/2023 0:00,68.978744
3/20/2023 0:00,18.793269
3/21/2023 0:00,49.29825
3/22/2023 0:00,57.451817
3/23/2023 0:00,52.359547
3/24/2023 0:00,54.114952
3/25/2023 0:00,65.41154
3/26/2023 0:00,30.940709
3/27/2023 0:00,70.141656
3/28/2023 0:00,15.270296
3/29/2023 0:00,12.934371
3/30/2023 0:00,50.754946
3/31/2023 0:00,32.975956
4/1/2023 0:00,31.345714
4/2/2023 0:00,39.437124
4/3/2023 0:00,72.692198
4/4/2023 0:00,84.926712
4/5/2023 0:00,26.157182
4/6/2023 0:00,64.801993
4/7/2023 0:00,84.686281
4/8/2023 0:00,78.046336
4/9/2023 0:00,74.061619
4/10/2023 0:00,59.343335
4/11/2023 0:00,48.421953
4/12/2023 0:00,57.189039
4/13/2023 0:00,83.226634
4/14/2023 0:00,32.75709
4/15/2023 0:00,80.712279
4/16/2023 0:00,26.824007
4/17/2023 0:00,30.625484
4/18/2023 0:00,71.038888
4/19/2023 0:00,64.837292
4/20/2023 0:00,99.999016
4/21/2023 0:00,38.021656
4/22/2023 0:00,65.212011
4/23/2023 0:00,73.684532
4/24/2023 0:00,32.930709
4/25/2023 0:00,102.197927
4/26/2023 0:00,55.180355
4/27/2023 0:00,25.184242
4/28/2023 0:00,81.001494
4/29/2023 0:00,58.210655
4/30/2023 0:00,26.850316
5/1/2023 0:00,53.740783
5/2/2023 0:00,59.944914
5/3/2023 0:00,111.932011
5/4/2023 0:00,72.243516
5/5/2023 0:00,74.242936
5/6/2023 0:00,33.308674
5/7/2023 0:00,78.442838
5/8/2023 0:00,20.845289
5/9/2023 0:00,57.109482
5/10/2023 0:00,70.826997
5/11/2023 0:00,89.925462
5/12/2023 0:00,90.899772
5/13/2023 0:00,58.437213
5/14/2023 0:00,87.021649
5/15/2023 0:00,106.642308
5/16/2023 0:00,108.934045
5/17/2023 0:00,100.819795
5/18/2023 0:00,95.731384
5/19/2023 0:00,97.320569
5/20/2023 0:00,121.856237
5/21/2023 0:00,122.667018
5/22/2023 0:00,99.849954
5/23/2023 0:00,76.616088
5/24/2023 0:00,121.137704
5/25/2023 0:00,101.750701
5/26/2023 0:00,120.614153
5/27/2023 0:00,118.598231
5/28/2023 0:00,107.510192
5/29/2023 0:00,126.066318
5/30/2023 0:00,108.530586
5/31/2023 0:00,55.525483
6/1/2023 0:00,79.870064
6/2/2023 0:00,97.246218
6/3/2023 0:00,121.742163
6/4/2023 0:00,120.950493
6/5/2023 0:00,68.336305
6/6/2023 0:00,48.491734
